organization,package,first_commit_date,last_commit_date,commit_count,first_month
swift-primitives,swift-abi-primitives,2026-01-11 21:52:56 +0100,2026-04-09 15:11:19 +0200,11,2026-01
swift-primitives,swift-abstract-syntax-tree-primitives,2026-01-19 22:24:31 +0100,2026-04-09 15:11:20 +0200,7,2026-01
swift-primitives,swift-affine-geometry-primitives,2026-01-21 08:42:02 +0100,2026-04-08 10:47:38 +0200,11,2026-01
swift-primitives,swift-affine-primitives,2026-01-09 17:29:00 +0100,2026-04-08 10:47:38 +0200,49,2026-01
swift-primitives,swift-algebra-affine-primitives,2026-02-06 13:39:46 +0100,2026-04-09 15:11:22 +0200,10,2026-02
swift-primitives,swift-algebra-cardinal-primitives,2026-02-06 13:39:43 +0100,2026-04-09 15:11:23 +0200,9,2026-02
swift-primitives,swift-algebra-field-primitives,2026-02-04 18:02:36 +0100,2026-04-09 15:11:25 +0200,9,2026-02
swift-primitives,swift-algebra-group-primitives,2026-02-04 18:02:36 +0100,2026-04-09 15:11:26 +0200,10,2026-02
swift-primitives,swift-algebra-law-primitives,2026-02-04 18:02:36 +0100,2026-04-09 15:11:27 +0200,12,2026-02
swift-primitives,swift-algebra-linear-primitives,2026-01-09 17:29:00 +0100,2026-04-09 15:11:28 +0200,27,2026-01
swift-primitives,swift-algebra-magma-primitives,2026-02-04 18:02:36 +0100,2026-04-09 15:11:29 +0200,8,2026-02
swift-primitives,swift-algebra-modular-primitives,2026-03-12 14:17:11 +0100,2026-04-08 10:47:38 +0200,6,2026-03
swift-primitives,swift-algebra-module-primitives,2026-02-04 18:02:36 +0100,2026-04-09 15:11:30 +0200,9,2026-02
swift-primitives,swift-algebra-monoid-primitives,2026-02-04 18:02:36 +0100,2026-04-09 15:11:31 +0200,9,2026-02
swift-primitives,swift-algebra-primitives,2026-01-09 17:29:00 +0100,2026-04-10 18:29:02 +0200,45,2026-01
swift-primitives,swift-algebra-ring-primitives,2026-02-04 18:02:36 +0100,2026-04-09 15:11:33 +0200,8,2026-02
swift-primitives,swift-algebra-semiring-primitives,2026-02-04 18:02:36 +0100,2026-04-09 15:11:34 +0200,8,2026-02
swift-primitives,swift-array-primitives,2026-01-19 22:24:31 +0100,2026-04-08 10:47:38 +0200,170,2026-01
swift-primitives,swift-ascii-parser-primitives,2026-03-05 07:03:40 +0100,2026-04-09 15:11:36 +0200,11,2026-03
swift-primitives,swift-ascii-primitives,2026-01-21 19:38:47 +0100,2026-04-09 15:11:37 +0200,20,2026-01
swift-primitives,swift-ascii-serializer-primitives,2026-03-05 07:03:45 +0100,2026-04-08 12:45:36 +0200,11,2026-03
swift-primitives,swift-async-primitives,2026-01-09 17:29:01 +0100,2026-04-13 12:46:40 +0200,114,2026-01
swift-primitives,swift-backend-primitives,2026-01-19 22:24:30 +0100,2026-04-09 15:11:38 +0200,8,2026-01
swift-primitives,swift-base62-primitives,2025-11-27 12:59:47 +0100,2026-04-09 15:11:39 +0200,35,2025-11
swift-primitives,swift-binary-parser-primitives,2026-01-29 15:23:41 +0100,2026-04-08 10:47:57 +0200,39,2026-01
swift-primitives,swift-binary-primitives,2026-01-09 17:29:01 +0100,2026-04-08 10:47:57 +0200,52,2026-01
swift-primitives,swift-bit-index-primitives,2026-02-03 13:30:38 +0100,2026-04-09 15:11:40 +0200,10,2026-02
swift-primitives,swift-bit-pack-primitives,2026-02-03 13:30:42 +0100,2026-04-09 15:11:42 +0200,17,2026-02
swift-primitives,swift-bit-primitives,2026-01-11 21:52:56 +0100,2026-04-09 15:11:44 +0200,49,2026-01
swift-primitives,swift-bit-vector-primitives,2026-02-03 13:30:45 +0100,2026-04-08 10:47:57 +0200,41,2026-02
swift-primitives,swift-bitset-primitives,2026-02-10 11:36:51 +0100,2026-04-09 15:11:45 +0200,12,2026-02
swift-primitives,swift-buffer-primitives,2026-01-09 17:29:01 +0100,2026-04-09 15:11:46 +0200,202,2026-01
swift-primitives,swift-cache-primitives,2026-01-17 18:01:17 +0100,2026-04-08 10:48:23 +0200,25,2026-01
swift-primitives,swift-cardinal-primitives,2026-01-26 22:00:29 +0100,2026-04-08 10:48:23 +0200,29,2026-01
swift-primitives,swift-clock-primitives,2026-01-09 17:29:02 +0100,2026-04-09 15:11:47 +0200,27,2026-01
swift-primitives,swift-coder-primitives,2026-01-21 19:38:54 +0100,2026-04-09 15:11:48 +0200,11,2026-01
swift-primitives,swift-collection-primitives,2026-01-09 17:29:02 +0100,2026-04-09 15:11:49 +0200,55,2026-01
swift-primitives,swift-comparison-primitives,2026-01-21 19:38:57 +0100,2026-04-09 15:11:51 +0200,33,2026-01
swift-primitives,swift-complex-primitives,2026-01-12 18:15:42 +0100,2026-04-09 15:11:52 +0200,17,2026-01
swift-primitives,swift-continuation-primitives,2026-01-21 19:39:00 +0100,2026-04-09 15:11:53 +0200,11,2026-01
swift-primitives,swift-cpu-primitives,2026-01-10 16:50:53 +0100,2026-04-09 15:11:54 +0200,21,2026-01
swift-primitives,swift-cyclic-index-primitives,2026-01-29 14:55:17 +0100,2026-04-09 15:11:55 +0200,11,2026-01
swift-primitives,swift-cyclic-primitives,2026-01-26 18:45:43 +0100,2026-04-08 10:48:23 +0200,17,2026-01
swift-primitives,swift-decimal-primitives,2026-01-11 10:27:21 +0100,2026-04-09 15:11:57 +0200,18,2026-01
swift-primitives,swift-dependency-primitives,2026-01-17 09:41:14 +0100,2026-04-09 15:11:59 +0200,23,2026-01
swift-primitives,swift-diagnostic-primitives,2026-01-19 22:24:31 +0100,2026-04-09 15:12:00 +0200,9,2026-01
swift-primitives,swift-dictionary-primitives,2026-01-19 22:24:31 +0100,2026-04-08 10:48:23 +0200,66,2026-01
swift-primitives,swift-dimension-primitives,2026-01-09 17:29:02 +0100,2026-04-08 10:48:23 +0200,36,2026-01
swift-primitives,swift-driver-primitives,2026-01-19 22:24:31 +0100,2026-04-09 15:12:01 +0200,8,2026-01
swift-primitives,swift-effect-primitives,2026-01-17 09:09:44 +0100,2026-04-09 15:12:02 +0200,16,2026-01
swift-primitives,swift-endian-primitives,2026-01-11 21:52:57 +0100,2026-04-09 15:12:03 +0200,10,2026-01
swift-primitives,swift-equation-primitives,2026-01-21 19:39:03 +0100,2026-04-09 15:12:04 +0200,22,2026-01
swift-primitives,swift-error-primitives,2026-01-15 16:18:51 +0100,2026-04-09 15:12:05 +0200,10,2026-01
swift-primitives,swift-finite-primitives,2026-01-16 14:53:43 +0100,2026-04-09 15:12:06 +0200,35,2026-01
swift-primitives,swift-formatting-primitives,2026-01-09 17:29:03 +0100,2026-04-08 10:48:23 +0200,20,2026-01
swift-primitives,swift-geometry-primitives,2026-01-09 17:29:03 +0100,2026-04-08 10:48:23 +0200,29,2026-01
swift-primitives,swift-graph-primitives,2026-01-19 22:24:31 +0100,2026-04-08 10:48:23 +0200,32,2026-01
swift-primitives,swift-handle-primitives,2026-01-21 19:39:09 +0100,2026-04-08 10:48:23 +0200,11,2026-01
swift-primitives,swift-hash-primitives,2026-01-21 19:39:13 +0100,2026-04-09 15:12:07 +0200,26,2026-01
swift-primitives,swift-hash-table-primitives,2026-01-22 18:02:33 +0100,2026-04-08 10:48:23 +0200,51,2026-01
swift-primitives,swift-heap-primitives,2026-01-19 22:24:31 +0100,2026-04-08 10:48:23 +0200,82,2026-01
swift-primitives,swift-identity-primitives,2026-01-09 17:29:04 +0100,2026-04-09 15:12:08 +0200,31,2026-01
swift-primitives,swift-index-primitives,2026-01-19 22:24:31 +0100,2026-04-09 15:12:09 +0200,70,2026-01
swift-primitives,swift-infinite-primitives,2026-01-16 21:58:38 +0100,2026-04-09 15:12:10 +0200,22,2026-01
swift-primitives,swift-input-primitives,2026-01-19 16:14:12 +0100,2026-04-09 15:12:11 +0200,43,2026-01
swift-primitives,swift-intermediate-representation-primitives,2026-01-19 22:24:31 +0100,2026-04-09 15:12:12 +0200,7,2026-01
swift-primitives,swift-kernel-primitives,2026-01-07 17:04:47 +0100,2026-04-13 22:47:08 +0200,124,2026-01
swift-primitives,swift-layout-primitives,2026-01-09 17:29:04 +0100,2026-04-09 15:12:15 +0200,15,2026-01
swift-primitives,swift-lexer-primitives,2026-01-19 22:24:31 +0100,2026-04-08 12:56:33 +0200,11,2026-01
swift-primitives,swift-lifetime-primitives,2026-01-11 21:52:57 +0100,2026-04-09 15:12:16 +0200,9,2026-01
swift-primitives,swift-link-primitives,2026-04-01 15:48:17 +0200,2026-04-02 10:53:38 +0200,3,2026-04
swift-primitives,swift-list-primitives,2026-01-20 08:29:18 +0100,2026-04-08 10:48:23 +0200,31,2026-01
swift-primitives,swift-loader-primitives,2026-01-11 21:47:10 +0100,2026-04-09 15:12:18 +0200,18,2026-01
swift-primitives,swift-locale-primitives,2026-01-09 17:29:05 +0100,2026-04-09 15:12:19 +0200,16,2026-01
swift-primitives,swift-logic-primitives,2026-01-16 09:55:07 +0100,2026-04-09 15:12:20 +0200,13,2026-01
swift-primitives,swift-machine-primitives,2026-01-19 13:42:03 +0100,2026-04-08 10:48:23 +0200,33,2026-01
swift-primitives,swift-matrix-primitives,2026-01-21 19:39:15 +0100,2026-04-02 10:53:44 +0200,8,2026-01
swift-primitives,swift-memory-primitives,2026-01-11 21:52:57 +0100,2026-04-08 10:48:24 +0200,108,2026-01
swift-primitives,swift-module-primitives,2026-01-19 22:24:31 +0100,2026-04-09 15:12:21 +0200,8,2026-01
swift-primitives,swift-network-primitives,2026-01-21 19:39:26 +0100,2026-04-09 15:12:22 +0200,11,2026-01
swift-primitives,swift-numeric-primitives,2026-01-10 19:38:05 +0100,2026-04-08 10:48:24 +0200,23,2026-01
swift-primitives,swift-optic-primitives,2026-01-16 21:12:50 +0100,2026-04-09 15:12:23 +0200,14,2026-01
swift-primitives,swift-ordering-primitives,2026-01-21 19:39:29 +0100,2026-04-08 10:48:24 +0200,24,2026-01
swift-primitives,swift-ordinal-primitives,2026-01-20 21:36:57 +0100,2026-04-09 15:12:24 +0200,42,2026-01
swift-primitives,swift-outcome-primitives,2026-01-11 21:52:57 +0100,2026-04-09 15:12:25 +0200,9,2026-01
swift-primitives,swift-ownership-primitives,2026-02-09 22:19:23 +0100,2026-04-09 15:12:26 +0200,26,2026-02
swift-primitives,swift-parser-machine-primitives,2026-01-29 21:25:24 +0100,2026-04-09 15:12:27 +0200,18,2026-01
swift-primitives,swift-parser-primitives,2026-01-09 17:29:06 +0100,2026-04-08 10:48:24 +0200,75,2026-01
swift-primitives,swift-path-primitives,2026-03-12 14:17:14 +0100,2026-04-12 09:45:31 +0200,14,2026-03
swift-primitives,swift-pool-primitives,2026-01-09 17:29:06 +0100,2026-04-08 09:21:13 +0200,46,2026-01
swift-primitives,swift-positioning-primitives,2026-01-09 17:29:06 +0100,2026-04-09 15:12:29 +0200,13,2026-01
swift-primitives,swift-predicate-primitives,2026-01-09 17:29:07 +0100,2026-04-09 15:12:30 +0200,16,2026-01
swift-primitives,swift-property-primitives,2026-01-21 20:16:02 +0100,2026-04-09 15:12:31 +0200,36,2026-01
swift-primitives,swift-queue-primitives,2026-01-20 08:29:10 +0100,2026-04-08 10:48:24 +0200,84,2026-01
swift-primitives,swift-random-primitives,2026-01-17 09:40:06 +0100,2026-04-09 15:12:32 +0200,10,2026-01
swift-primitives,swift-range-primitives,2026-01-21 19:39:32 +0100,2026-04-09 15:12:33 +0200,50,2026-01
swift-primitives,swift-reference-primitives,2026-01-17 08:23:40 +0100,2026-04-09 15:12:34 +0200,26,2026-01
swift-primitives,swift-region-primitives,2026-01-09 17:29:07 +0100,2026-04-08 10:48:24 +0200,17,2026-01
swift-primitives,swift-rendering-primitives,2026-03-12 14:13:43 +0100,2026-04-08 10:48:24 +0200,36,2026-03
swift-primitives,swift-sample-primitives,2026-03-12 14:17:17 +0100,2026-04-08 10:48:24 +0200,7,2026-03
swift-primitives,swift-scalar-primitives,2026-01-21 19:39:46 +0100,2026-04-09 15:12:36 +0200,9,2026-01
swift-primitives,swift-sequence-primitives,2026-01-21 19:39:49 +0100,2026-04-08 10:48:24 +0200,48,2026-01
swift-primitives,swift-serializer-primitives,2026-01-12 19:03:41 +0100,2026-04-09 15:12:37 +0200,17,2026-01
swift-primitives,swift-set-primitives,2026-01-19 22:24:30 +0100,2026-04-08 10:48:24 +0200,94,2026-01
swift-primitives,swift-slab-primitives,2026-01-09 17:29:08 +0100,2026-04-08 10:48:24 +0200,35,2026-01
swift-primitives,swift-slice-primitives,2026-01-21 19:39:52 +0100,2026-04-09 15:12:39 +0200,12,2026-01
swift-primitives,swift-source-primitives,2026-01-19 22:24:31 +0100,2026-04-08 10:48:24 +0200,12,2026-01
swift-primitives,swift-space-primitives,2026-01-11 21:52:57 +0100,2026-04-09 15:12:40 +0200,12,2026-01
swift-primitives,swift-stack-primitives,2026-01-19 22:10:39 +0100,2026-04-08 10:48:24 +0200,63,2026-01
swift-primitives,swift-standard-library-extensions,2026-01-09 17:29:08 +0100,2026-04-13 09:50:09 +0200,37,2026-01
swift-primitives,swift-state-primitives,2026-01-21 19:39:56 +0100,2026-04-09 15:12:42 +0200,11,2026-01
swift-primitives,swift-storage-primitives,2026-01-26 15:19:53 +0100,2026-04-08 10:48:24 +0200,130,2026-01
swift-primitives,swift-string-primitives,2026-01-15 15:16:16 +0100,2026-04-08 10:48:25 +0200,20,2026-01
swift-primitives,swift-symbol-primitives,2026-01-19 22:24:31 +0100,2026-04-09 15:12:43 +0200,7,2026-01
swift-primitives,swift-symmetry-primitives,2026-01-09 17:29:09 +0100,2026-04-09 15:12:44 +0200,24,2026-01
swift-primitives,swift-syntax-primitives,2026-01-19 22:24:31 +0100,2026-04-09 15:12:45 +0200,7,2026-01
swift-primitives,swift-system-primitives,2026-01-12 18:15:45 +0100,2026-04-09 13:34:47 +0200,17,2026-01
swift-primitives,swift-terminal-primitives,2026-01-11 21:38:56 +0100,2026-04-09 15:12:46 +0200,23,2026-01
swift-primitives,swift-test-primitives,2026-01-09 17:29:09 +0100,2026-04-08 10:48:26 +0200,49,2026-01
swift-primitives,swift-text-primitives,2026-01-19 22:24:31 +0100,2026-04-09 15:12:47 +0200,13,2026-01
swift-primitives,swift-time-primitives,2026-01-09 17:29:10 +0100,2026-04-08 10:48:26 +0200,22,2026-01
swift-primitives,swift-token-primitives,2026-01-19 22:24:31 +0100,2026-04-09 15:12:48 +0200,8,2026-01
swift-primitives,swift-transform-primitives,2026-01-21 19:39:59 +0100,2026-04-09 15:12:49 +0200,12,2026-01
swift-primitives,swift-tree-primitives,2026-01-20 12:31:09 +0100,2026-04-08 10:48:26 +0200,56,2026-01
swift-primitives,swift-type-primitives,2026-01-19 22:24:31 +0100,2026-04-09 15:12:50 +0200,7,2026-01
swift-primitives,swift-vector-primitives,2026-01-20 16:40:25 +0100,2026-04-08 10:48:26 +0200,41,2026-01
swift-primitives,swift-witness-primitives,2026-01-16 15:36:35 +0100,2026-04-08 10:48:26 +0200,18,2026-01
swift-standards,swift-color-standard,2025-12-22 14:39:45 +0100,2026-04-02 10:54:47 +0200,18,2025-12
swift-standards,swift-css-standard,2025-11-21 22:24:12 +0100,2026-04-02 10:54:48 +0200,31,2025-11
swift-standards,swift-darwin-standard,2026-01-21 19:39:43 +0100,2026-04-14 19:07:27 +0200,16,2026-01
swift-standards,swift-domain-standard,2025-07-24 12:06:53 +0200,2026-04-02 10:54:49 +0200,64,2025-07
swift-standards,swift-email-standard,2025-11-12 14:28:21 +0100,2026-04-02 10:54:50 +0200,47,2025-11
swift-standards,swift-emailaddress-standard,2025-07-24 12:17:10 +0200,2026-04-02 10:54:51 +0200,62,2025-07
swift-standards,swift-epub-standard,2026-01-11 21:58:53 +0100,2026-04-02 10:54:52 +0200,13,2026-01
swift-standards,swift-html-standard,2025-12-01 15:46:30 +0100,2026-04-02 10:54:53 +0200,26,2025-12
swift-standards,swift-ipv4-standard,2025-11-24 10:26:52 +0100,2026-04-02 10:54:54 +0200,23,2025-11
swift-standards,swift-ipv6-standard,2025-11-23 08:59:51 +0100,2026-04-02 10:54:56 +0200,23,2025-11
swift-standards,swift-json-feed-standard,2025-11-18 23:35:30 +0100,2026-04-02 10:54:57 +0200,33,2025-11
swift-standards,swift-locale-standard,2025-12-10 01:21:23 +0100,2026-04-02 10:54:58 +0200,19,2025-12
swift-standards,swift-pdf-standard,2025-12-02 11:22:04 +0100,2026-04-02 10:54:59 +0200,33,2025-12
swift-standards,swift-rfc-template,2026-01-11 21:58:53 +0100,2026-03-12 12:03:11 +0100,2,2026-01
swift-standards,swift-rss-standard,2025-11-19 07:28:41 +0100,2026-04-02 10:55:00 +0200,36,2025-11
swift-standards,swift-sockets-standard,2026-01-02 15:38:34 +0100,2026-04-02 10:55:01 +0200,11,2026-01
swift-standards,swift-svg-standard,2025-11-23 17:49:18 +0100,2026-04-02 10:55:03 +0200,31,2025-11
swift-standards,swift-time-standard,2025-12-22 23:08:21 +0100,2026-04-02 10:55:04 +0200,20,2025-12
swift-standards,swift-uri-standard,2025-11-17 11:20:41 +0100,2026-04-02 10:55:05 +0200,29,2025-11
swift-foundations,swift-abstract-syntax-tree,2026-01-19 22:24:30 +0100,2026-04-02 10:55:08 +0200,6,2026-01
swift-foundations,swift-application-binary-interface,2026-01-11 22:06:41 +0100,2026-02-23 14:38:22 +0100,2,2026-01
swift-foundations,swift-ascii,2026-01-12 12:57:19 +0100,2026-04-08 12:40:38 +0200,31,2026-01
swift-foundations,swift-async,2026-01-09 17:28:58 +0100,2026-04-13 09:32:15 +0200,41,2026-01
swift-foundations,swift-backend,2026-01-19 22:24:30 +0100,2026-04-02 10:55:11 +0200,6,2026-01
swift-foundations,swift-basic-auth,2026-01-28 22:53:19 +0100,2026-02-23 14:38:26 +0100,2,2026-01
swift-foundations,swift-certificates,2026-01-28 22:53:22 +0100,2026-02-23 14:38:27 +0100,2,2026-01
swift-foundations,swift-clocks,2026-03-01 12:02:13 +0100,2026-04-02 10:55:12 +0200,6,2026-03
swift-foundations,swift-color,2026-03-13 22:01:52 +0100,2026-04-02 10:55:13 +0200,4,2026-03
swift-foundations,swift-command-line,2026-01-28 22:53:25 +0100,2026-02-23 14:38:28 +0100,2,2026-01
swift-foundations,swift-compiler,2026-01-11 21:39:11 +0100,2026-04-08 10:48:36 +0200,20,2026-01
swift-foundations,swift-concise-binary-object-representation,2026-01-28 22:53:28 +0100,2026-02-23 14:38:30 +0100,2,2026-01
swift-foundations,swift-config-toml,2026-01-28 22:53:30 +0100,2026-02-23 14:38:31 +0100,2,2026-01
swift-foundations,swift-config-yaml,2026-01-28 22:53:33 +0100,2026-02-23 14:38:32 +0100,2,2026-01
swift-foundations,swift-config,2026-01-28 22:53:35 +0100,2026-02-23 14:38:33 +0100,2,2026-01
swift-foundations,swift-console,2026-01-11 21:39:11 +0100,2026-04-08 10:48:36 +0200,20,2026-01
swift-foundations,swift-copy-on-write,2026-03-12 14:41:45 +0100,2026-04-02 10:55:14 +0200,9,2026-03
swift-foundations,swift-cross-site-request-forgery,2026-01-28 22:53:39 +0100,2026-01-28 22:53:39 +0100,1,2026-01
swift-foundations,swift-crypto,2026-01-28 22:53:41 +0100,2026-01-28 22:53:41 +0100,1,2026-01
swift-foundations,swift-css-html-rendering,2026-03-04 13:20:39 +0100,2026-04-08 10:48:36 +0200,13,2026-03
swift-foundations,swift-css,2026-03-12 14:41:46 +0100,2026-04-08 10:48:36 +0200,13,2026-03
swift-foundations,swift-darwin,2026-01-07 18:05:30 +0100,2026-04-13 14:59:00 +0200,37,2026-01
swift-foundations,swift-decimals,2026-01-11 13:16:46 +0100,2026-04-02 10:55:18 +0200,11,2026-01
swift-foundations,swift-defunctionalize,2026-03-16 12:48:41 +0100,2026-04-08 10:48:36 +0200,6,2026-03
swift-foundations,swift-dependencies,2026-01-18 00:18:46 +0100,2026-04-08 10:48:36 +0200,22,2026-01
swift-foundations,swift-dependency-analysis,2026-03-13 22:01:52 +0100,2026-04-08 10:48:36 +0200,6,2026-03
swift-foundations,swift-diagnostic,2026-01-19 22:24:30 +0100,2026-04-02 10:55:22 +0200,6,2026-01
swift-foundations,swift-diagnostics,2026-01-11 22:06:41 +0100,2026-01-11 22:06:41 +0100,1,2026-01
swift-foundations,swift-digest-auth,2026-01-28 22:53:51 +0100,2026-01-28 22:53:51 +0100,1,2026-01
swift-foundations,swift-dns-cache,2026-01-28 22:53:54 +0100,2026-01-28 22:53:54 +0100,1,2026-01
swift-foundations,swift-domain-name-system,2026-01-28 22:53:56 +0100,2026-01-28 22:53:56 +0100,1,2026-01
swift-foundations,swift-driver,2026-01-19 22:24:30 +0100,2026-04-02 10:55:23 +0200,6,2026-01
swift-foundations,swift-dual,2026-03-16 12:48:37 +0100,2026-04-08 10:48:36 +0200,8,2026-03
swift-foundations,swift-effects,2026-01-17 12:42:08 +0100,2026-04-08 10:48:36 +0200,12,2026-01
swift-foundations,swift-email,2026-01-28 22:54:05 +0100,2026-01-28 22:54:05 +0100,1,2026-01
swift-foundations,swift-emailaddress,2026-03-13 22:01:52 +0100,2026-04-02 10:55:26 +0200,4,2026-03
swift-foundations,swift-environment,2026-01-11 22:06:41 +0100,2026-04-08 10:48:36 +0200,19,2026-01
swift-foundations,swift-epub,2026-03-13 22:01:52 +0100,2026-04-02 10:55:27 +0200,4,2026-03
swift-foundations,swift-executors,2026-04-08 12:19:43 +0200,2026-04-14 16:16:27 +0200,2,2026-04
swift-foundations,swift-feature-flags,2026-01-28 22:54:08 +0100,2026-01-28 22:54:08 +0100,1,2026-01
swift-foundations,swift-file-system,2026-01-11 22:06:41 +0100,2026-04-13 13:30:51 +0200,65,2026-01
swift-foundations,swift-graceful-shutdown,2026-01-28 22:54:14 +0100,2026-01-28 22:54:14 +0100,1,2026-01
swift-foundations,swift-health,2026-01-28 22:54:16 +0100,2026-01-28 22:54:16 +0100,1,2026-01
swift-foundations,swift-html-rendering,2026-03-02 13:06:20 +0100,2026-04-08 10:48:36 +0200,27,2026-03
swift-foundations,swift-html,2026-03-12 14:41:47 +0100,2026-04-02 10:55:29 +0200,11,2026-03
swift-foundations,swift-http-body,2026-01-28 22:54:19 +0100,2026-01-28 22:54:19 +0100,1,2026-01
swift-foundations,swift-http-compression,2026-01-28 22:54:22 +0100,2026-01-28 22:54:22 +0100,1,2026-01
swift-foundations,swift-http-content-negotiation,2026-01-28 22:54:24 +0100,2026-01-28 22:54:24 +0100,1,2026-01
swift-foundations,swift-http-cookies,2026-01-28 22:54:27 +0100,2026-01-28 22:54:27 +0100,1,2026-01
swift-foundations,swift-http-cors,2026-01-28 22:54:29 +0100,2026-01-28 22:54:29 +0100,1,2026-01
swift-foundations,swift-http-etag,2026-01-28 22:54:32 +0100,2026-01-28 22:54:32 +0100,1,2026-01
swift-foundations,swift-http-headers,2026-01-28 22:54:34 +0100,2026-01-28 22:54:34 +0100,1,2026-01
swift-foundations,swift-http-range,2026-01-28 22:54:37 +0100,2026-01-28 22:54:37 +0100,1,2026-01
swift-foundations,swift-http-redirect,2026-01-28 22:54:40 +0100,2026-01-28 22:54:40 +0100,1,2026-01
swift-foundations,swift-http-routing,2026-01-28 22:54:43 +0100,2026-01-28 22:54:43 +0100,1,2026-01
swift-foundations,swift-http,2026-01-28 22:54:45 +0100,2026-01-28 22:54:45 +0100,1,2026-01
swift-foundations,swift-http2,2026-01-28 22:54:48 +0100,2026-01-28 22:54:48 +0100,1,2026-01
swift-foundations,swift-http3,2026-01-28 22:54:51 +0100,2026-01-28 22:54:51 +0100,1,2026-01
swift-foundations,swift-identities,2026-01-17 09:40:31 +0100,2026-04-09 15:13:00 +0200,10,2026-01
swift-foundations,swift-intermediate-representation,2026-01-19 22:24:30 +0100,2026-04-02 10:55:31 +0200,6,2026-01
swift-foundations,swift-io-state-investigation,2026-01-10 23:32:26 +0100,2026-04-13 20:10:18 +0200,306,2026-01
swift-foundations,swift-io,2026-01-10 23:32:26 +0100,2026-04-14 19:08:24 +0200,346,2026-01
swift-foundations,swift-ip-address,2026-03-13 22:01:53 +0100,2026-04-02 10:55:33 +0200,4,2026-03
swift-foundations,swift-json-feed,2026-03-13 22:01:53 +0100,2026-04-02 10:55:33 +0200,4,2026-03
swift-foundations,swift-json-web-encryption,2026-01-28 22:55:00 +0100,2026-01-28 22:55:00 +0100,1,2026-01
swift-foundations,swift-json-web-key,2026-01-28 22:55:04 +0100,2026-01-28 22:55:04 +0100,1,2026-01
swift-foundations,swift-json-web-signature,2026-01-28 22:55:06 +0100,2026-01-28 22:55:06 +0100,1,2026-01
swift-foundations,swift-json-web-token,2026-01-28 22:55:08 +0100,2026-01-28 22:55:08 +0100,1,2026-01
swift-foundations,swift-json,2026-01-14 00:27:14 +0100,2026-04-08 10:48:37 +0200,16,2026-01
swift-foundations,swift-kernel,2025-12-30 16:49:20 +0100,2026-04-14 16:15:47 +0200,332,2025-12
swift-foundations,swift-keyvalue,2026-01-28 22:55:14 +0100,2026-01-28 22:55:14 +0100,1,2026-01
swift-foundations,swift-least-recently-used,2026-01-28 22:55:17 +0100,2026-01-28 22:55:17 +0100,1,2026-01
swift-foundations,swift-lexer,2026-01-19 22:24:30 +0100,2026-04-08 12:56:48 +0200,7,2026-01
swift-foundations,swift-linux,2026-01-07 18:11:31 +0100,2026-04-13 14:59:02 +0200,61,2026-01
swift-foundations,swift-loader,2026-01-11 21:47:15 +0100,2026-04-10 13:29:53 +0200,14,2026-01
swift-foundations,swift-locale,2026-03-13 22:01:53 +0100,2026-04-02 10:55:38 +0200,4,2026-03
swift-foundations,swift-log-json,2026-01-28 22:55:25 +0100,2026-01-28 22:55:25 +0100,1,2026-01
swift-foundations,swift-log,2026-01-28 22:55:27 +0100,2026-01-28 22:55:27 +0100,1,2026-01
swift-foundations,swift-markdown-html-rendering,2026-03-12 14:41:49 +0100,2026-04-08 10:48:37 +0200,25,2026-03
swift-foundations,swift-memory,2026-01-09 17:28:59 +0100,2026-04-13 09:19:58 +0200,25,2026-01
swift-foundations,swift-metrics,2026-01-28 22:55:31 +0100,2026-01-28 22:55:31 +0100,1,2026-01
swift-foundations,swift-migrations,2026-01-28 22:55:33 +0100,2026-01-28 22:55:33 +0100,1,2026-01
swift-foundations,swift-module,2026-01-19 22:24:30 +0100,2026-04-02 10:55:40 +0200,6,2026-01
swift-foundations,swift-msgpack,2026-01-28 22:55:38 +0100,2026-01-28 22:55:38 +0100,1,2026-01
swift-foundations,swift-numerics,2026-01-11 13:16:52 +0100,2026-04-08 10:48:37 +0200,13,2026-01
swift-foundations,swift-oauth-pkce,2026-01-28 22:55:42 +0100,2026-01-28 22:55:42 +0100,1,2026-01
swift-foundations,swift-oauth,2026-01-28 22:55:44 +0100,2026-01-28 22:55:44 +0100,1,2026-01
swift-foundations,swift-parsers,2026-01-14 01:09:43 +0100,2026-04-08 14:12:26 +0200,23,2026-01
swift-foundations,swift-password,2026-01-28 22:55:50 +0100,2026-01-28 22:55:50 +0100,1,2026-01
swift-foundations,swift-paths,2026-01-12 18:09:57 +0100,2026-04-09 16:11:56 +0200,19,2026-01
swift-foundations,swift-pdf-html-rendering,2026-03-12 14:41:51 +0100,2026-04-08 10:48:37 +0200,35,2026-03
swift-foundations,swift-pdf-rendering,2026-03-12 14:41:53 +0100,2026-04-08 10:48:37 +0200,24,2026-03
swift-foundations,swift-pdf,2026-03-12 14:41:50 +0100,2026-04-08 10:48:37 +0200,23,2026-03
swift-foundations,swift-plist,2026-01-13 11:50:20 +0100,2026-04-08 10:48:37 +0200,15,2026-01
swift-foundations,swift-pool-connections,2026-01-28 22:55:56 +0100,2026-01-28 22:55:56 +0100,1,2026-01
swift-foundations,swift-posix,2026-01-07 17:40:15 +0100,2026-04-13 17:15:39 +0200,60,2026-01
swift-foundations,swift-process,2026-01-11 22:06:45 +0100,2026-01-11 22:06:45 +0100,1,2026-01
swift-foundations,swift-protobuf,2026-01-28 22:56:01 +0100,2026-01-28 22:56:01 +0100,1,2026-01
swift-foundations,swift-pubsub,2026-01-28 22:56:03 +0100,2026-01-28 22:56:03 +0100,1,2026-01
swift-foundations,swift-random,2026-01-17 09:41:35 +0100,2026-04-08 10:48:38 +0200,9,2026-01
swift-foundations,swift-redis,2026-01-28 22:56:09 +0100,2026-01-28 22:56:09 +0100,1,2026-01
swift-foundations,swift-rss,2026-03-13 22:01:53 +0100,2026-04-02 10:55:50 +0200,4,2026-03
swift-foundations,swift-runtime,2026-01-11 22:06:45 +0100,2026-01-11 22:06:45 +0100,1,2026-01
swift-foundations,swift-scheduler,2026-01-28 22:56:12 +0100,2026-01-28 22:56:12 +0100,1,2026-01
swift-foundations,swift-secrets,2026-01-28 22:56:14 +0100,2026-01-28 22:56:14 +0100,1,2026-01
swift-foundations,swift-signal,2026-01-28 22:56:17 +0100,2026-01-28 22:56:17 +0100,1,2026-01
swift-foundations,swift-sockets,2026-01-28 22:56:20 +0100,2026-01-28 22:56:20 +0100,1,2026-01
swift-foundations,swift-source,2026-01-19 22:24:30 +0100,2026-04-08 10:48:38 +0200,9,2026-01
swift-foundations,swift-sql-mysql,2026-01-28 22:56:26 +0100,2026-01-28 22:56:26 +0100,1,2026-01
swift-foundations,swift-sql-postgres,2026-01-28 22:56:28 +0100,2026-01-28 22:56:28 +0100,1,2026-01
swift-foundations,swift-sql-sqlite,2026-01-28 22:56:31 +0100,2026-01-28 22:56:31 +0100,1,2026-01
swift-foundations,swift-sql,2026-01-28 22:56:33 +0100,2026-01-28 22:56:33 +0100,1,2026-01
swift-foundations,swift-strings,2026-01-15 15:06:56 +0100,2026-04-08 10:48:38 +0200,18,2026-01
swift-foundations,swift-svg-rendering-worktree,2026-03-12 14:41:54 +0100,2026-04-09 15:13:02 +0200,7,2026-03
swift-foundations,swift-svg-rendering,2026-03-12 14:41:54 +0100,2026-04-08 10:48:38 +0200,9,2026-03
swift-foundations,swift-svg,2026-03-12 14:41:54 +0100,2026-04-02 10:56:05 +0200,5,2026-03
swift-foundations,swift-symbol,2026-01-19 22:24:30 +0100,2026-04-02 10:56:06 +0200,6,2026-01
swift-foundations,swift-syntax,2026-01-19 22:24:30 +0100,2026-04-02 10:56:07 +0200,6,2026-01
swift-foundations,swift-systems,2026-01-11 22:06:46 +0100,2026-04-09 10:49:24 +0200,11,2026-01
swift-foundations,swift-testing,2026-01-11 21:05:50 +0100,2026-04-08 10:48:38 +0200,64,2026-01
swift-foundations,swift-tests,2026-01-11 21:08:20 +0100,2026-04-09 15:13:03 +0200,110,2026-01
swift-foundations,swift-threads,2026-04-14 16:04:38 +0200,2026-04-14 16:16:15 +0200,2,2026-04
swift-foundations,swift-time-based-one-time-password,2026-01-28 22:56:45 +0100,2026-01-28 22:56:45 +0100,1,2026-01
swift-foundations,swift-time-to-live,2026-01-28 22:56:48 +0100,2026-01-28 22:56:48 +0100,1,2026-01
swift-foundations,swift-time,2026-01-09 17:28:59 +0100,2026-04-02 10:56:10 +0200,11,2026-01
swift-foundations,swift-toml,2026-01-28 22:56:51 +0100,2026-01-28 22:56:51 +0100,1,2026-01
swift-foundations,swift-tracing,2026-01-28 22:56:54 +0100,2026-01-28 22:56:54 +0100,1,2026-01
swift-foundations,swift-translating,2026-03-12 14:41:57 +0100,2026-04-08 10:48:38 +0200,9,2026-03
swift-foundations,swift-transport-layer-security,2026-01-28 22:56:57 +0100,2026-01-28 22:56:57 +0100,1,2026-01
swift-foundations,swift-type,2026-01-19 22:24:30 +0100,2026-04-02 10:56:12 +0200,6,2026-01
swift-foundations,swift-uri,2026-03-13 22:01:53 +0100,2026-04-02 10:56:13 +0200,4,2026-03
swift-foundations,swift-websocket,2026-01-28 22:57:02 +0100,2026-01-28 22:57:02 +0100,1,2026-01
swift-foundations,swift-windows,2026-01-07 18:23:49 +0100,2026-04-10 14:21:48 +0200,50,2026-01
swift-foundations,swift-witnesses,2026-01-16 20:56:00 +0100,2026-04-13 21:31:32 +0200,53,2026-01
swift-foundations,swift-xml,2026-01-13 11:09:11 +0100,2026-04-08 10:48:38 +0200,14,2026-01
swift-foundations,swift-yaml,2026-01-28 22:57:11 +0100,2026-01-28 22:57:11 +0100,1,2026-01
swift-ietf,swift-bcp-47,2025-12-01 15:08:59 +0100,2026-03-25 10:01:51 +0100,16,2025-12
swift-ietf,swift-rfc-1034,2026-01-04 18:39:42 +0100,2026-03-25 10:01:52 +0100,8,2026-01
swift-ietf,swift-rfc-1035,2025-07-26 17:02:04 +0200,2026-04-08 12:47:16 +0200,41,2025-07
swift-ietf,swift-rfc-1123,2025-07-26 17:02:56 +0200,2026-04-08 12:48:20 +0200,43,2025-07
swift-ietf,swift-rfc-1950,2025-12-02 11:15:49 +0100,2026-03-25 10:01:57 +0100,14,2025-12
swift-ietf,swift-rfc-1951,2025-12-02 11:15:32 +0100,2026-03-25 10:02:00 +0100,16,2025-12
swift-ietf,swift-rfc-2045,2025-11-12 15:52:04 +0100,2026-04-08 12:59:34 +0200,52,2025-11
swift-ietf,swift-rfc-2046,2025-11-12 15:52:27 +0100,2026-03-25 10:02:03 +0100,48,2025-11
swift-ietf,swift-rfc-2183,2025-11-15 19:53:43 +0100,2026-04-08 13:01:31 +0200,40,2025-11
swift-ietf,swift-rfc-2369,2025-11-12 15:12:41 +0100,2026-04-08 12:49:39 +0200,43,2025-11
swift-ietf,swift-rfc-2387,2025-11-12 15:52:34 +0100,2026-04-08 12:51:42 +0200,33,2025-11
swift-ietf,swift-rfc-2388,2025-11-12 18:26:23 +0100,2026-03-25 10:02:08 +0100,32,2025-11
swift-ietf,swift-rfc-2822,2025-07-26 17:04:34 +0200,2026-04-08 13:03:01 +0200,47,2025-07
swift-ietf,swift-rfc-3339,2025-11-22 21:44:05 +0100,2026-04-08 12:52:36 +0200,31,2025-11
swift-ietf,swift-rfc-3492,2025-11-20 10:31:57 +0100,2026-03-25 10:02:12 +0100,15,2025-11
swift-ietf,swift-rfc-3596,2026-01-04 18:39:42 +0100,2026-03-25 10:02:18 +0100,8,2026-01
swift-ietf,swift-rfc-3986,2025-11-10 17:02:35 +0100,2026-04-08 12:54:46 +0200,65,2025-11
swift-ietf,swift-rfc-3987,2025-11-10 16:35:26 +0100,2026-04-08 12:47:20 +0200,48,2025-11
swift-ietf,swift-rfc-4007,2025-11-23 08:59:46 +0100,2026-04-08 12:49:07 +0200,27,2025-11
swift-ietf,swift-rfc-4122,2026-01-17 09:56:50 +0100,2026-04-10 14:21:51 +0200,14,2026-01
swift-ietf,swift-rfc-4287,2025-11-10 17:38:06 +0100,2026-03-25 10:02:32 +0100,31,2025-11
swift-ietf,swift-rfc-4291,2025-11-27 21:15:29 +0100,2026-04-08 12:50:02 +0200,24,2025-11
swift-ietf,swift-rfc-4648,2025-11-17 17:20:19 +0100,2026-04-03 10:18:58 +0200,47,2025-11
swift-ietf,swift-rfc-5234,2025-11-22 23:11:47 +0100,2026-03-30 14:52:07 +0200,24,2025-11
swift-ietf,swift-rfc-5321,2025-07-26 17:03:34 +0200,2026-04-08 13:03:01 +0200,49,2025-07
swift-ietf,swift-rfc-5322,2025-07-26 17:04:09 +0200,2026-04-08 14:04:32 +0200,70,2025-07
swift-ietf,swift-rfc-5646,2025-11-23 08:42:18 +0100,2026-03-30 14:52:07 +0200,28,2025-11
swift-ietf,swift-rfc-5890,2025-11-20 10:25:34 +0100,2026-03-25 10:02:41 +0100,20,2025-11
swift-ietf,swift-rfc-5952,2025-11-27 21:15:39 +0100,2026-03-30 14:52:07 +0200,23,2025-11
swift-ietf,swift-rfc-6068,2025-11-27 21:38:36 +0100,2026-04-08 14:06:17 +0200,27,2025-11
swift-ietf,swift-rfc-6238,2025-08-20 20:38:04 +0200,2026-03-25 10:02:45 +0100,36,2025-08
swift-ietf,swift-rfc-6265,2025-11-13 23:57:16 +0100,2026-03-25 10:02:46 +0100,19,2025-11
swift-ietf,swift-rfc-6455,2026-01-04 18:39:43 +0100,2026-03-30 14:52:07 +0200,10,2026-01
swift-ietf,swift-rfc-6531,2025-07-26 17:04:23 +0200,2026-04-08 13:00:44 +0200,40,2025-07
swift-ietf,swift-rfc-6570,2025-11-13 22:30:52 +0100,2026-03-30 15:36:26 +0200,38,2025-11
swift-ietf,swift-rfc-6750,2025-07-27 11:03:43 +0200,2026-03-30 14:52:08 +0200,32,2025-07
swift-ietf,swift-rfc-6891,2026-01-04 18:39:43 +0100,2026-03-30 14:52:08 +0200,10,2026-01
swift-ietf,swift-rfc-7301,2026-01-04 18:39:49 +0100,2026-03-30 14:52:08 +0200,10,2026-01
swift-ietf,swift-rfc-7405,2025-11-22 23:12:07 +0100,2026-03-30 14:52:08 +0200,22,2025-11
swift-ietf,swift-rfc-7519,2025-07-28 08:46:38 +0200,2026-04-08 12:51:41 +0200,36,2025-07
swift-ietf,swift-rfc-7578,2025-11-12 15:52:40 +0100,2026-03-25 10:03:05 +0100,41,2025-11
swift-ietf,swift-rfc-7617,2025-07-27 11:03:30 +0200,2026-04-08 14:04:33 +0200,33,2025-07
swift-ietf,swift-rfc-768,2026-01-02 15:21:44 +0100,2026-03-30 14:52:07 +0200,10,2026-01
swift-ietf,swift-rfc-791,2025-11-22 22:52:01 +0100,2026-04-08 12:45:29 +0200,32,2025-11
swift-ietf,swift-rfc-8058,2025-11-12 15:12:30 +0100,2026-03-25 10:03:10 +0100,32,2025-11
swift-ietf,swift-rfc-8200,2026-01-04 18:39:43 +0100,2026-03-30 14:52:08 +0200,10,2026-01
swift-ietf,swift-rfc-8259,2026-01-11 21:58:53 +0100,2026-04-04 13:28:43 +0200,18,2026-01
swift-ietf,swift-rfc-8446,2026-01-04 18:39:43 +0100,2026-03-30 14:52:08 +0200,11,2026-01
swift-ietf,swift-rfc-9110,2025-11-16 20:46:53 +0100,2026-04-03 12:41:41 +0200,53,2025-11
swift-ietf,swift-rfc-9111,2025-11-18 23:35:45 +0100,2026-03-25 10:03:16 +0100,28,2025-11
swift-ietf,swift-rfc-9112,2025-11-19 07:28:14 +0100,2026-03-25 10:03:17 +0100,28,2025-11
swift-ietf,swift-rfc-9293,2026-01-02 15:22:19 +0100,2026-03-30 14:52:08 +0200,11,2026-01
swift-ietf,swift-rfc-9557,2025-11-22 22:27:43 +0100,2026-04-08 12:53:08 +0200,32,2025-11
swift-ietf,swift-rfc-9562,2026-01-17 09:56:56 +0100,2026-03-25 10:03:22 +0100,7,2026-01
swift-iso,swift-iso-14496-22,2025-12-31 15:41:46 +0100,2026-03-25 10:03:23 +0100,16,2025-12
swift-iso,swift-iso-15924,2025-11-23 08:39:44 +0100,2026-03-30 14:52:20 +0200,20,2025-11
swift-iso,swift-iso-21320,2025-12-17 12:37:48 +0100,2026-03-25 10:03:25 +0100,13,2025-12
swift-iso,swift-iso-3166,2025-11-23 00:00:59 +0100,2026-04-03 12:41:42 +0200,24,2025-11
swift-iso,swift-iso-32000,2025-12-02 11:15:49 +0100,2026-04-03 10:18:35 +0200,90,2025-12
swift-iso,swift-iso-639,2025-11-23 00:00:57 +0100,2026-03-30 14:52:19 +0200,21,2025-11
swift-iso,swift-iso-8601,2025-11-18 23:35:16 +0100,2026-04-03 12:41:56 +0200,45,2025-11
swift-iso,swift-iso-9899,2025-11-23 16:26:33 +0100,2026-04-08 12:08:46 +0200,42,2025-11
swift-iso,swift-iso-9945,2026-01-09 17:29:07 +0100,2026-04-13 17:15:27 +0200,100,2026-01
swift-w3c,swift-w3c-css,2025-11-21 14:47:35 +0100,2026-03-30 16:13:45 +0200,51,2025-11
swift-w3c,swift-w3c-cssom,2025-11-21 18:17:29 +0100,2026-03-25 10:03:34 +0100,19,2025-11
swift-w3c,swift-w3c-epub,2025-12-17 12:37:29 +0100,2026-03-25 10:03:35 +0100,13,2025-12
swift-w3c,swift-w3c-png,2026-01-11 21:58:53 +0100,2026-03-25 10:03:37 +0100,12,2026-01
swift-w3c,swift-w3c-svg,2025-11-27 19:12:23 +0100,2026-03-26 11:21:09 +0100,44,2025-11
swift-w3c,swift-w3c-xml,2026-01-13 11:09:58 +0100,2026-03-30 16:13:44 +0200,11,2026-01
swift-whatwg,swift-whatwg-html,2025-11-14 11:47:44 +0100,2026-03-30 16:13:45 +0200,66,2025-11
swift-whatwg,swift-whatwg-url,2025-11-12 16:48:34 +0100,2026-04-08 12:55:49 +0200,52,2025-11
swift-ieee,swift-ieee-754,2025-11-21 00:14:20 +0100,2026-03-25 10:03:43 +0100,49,2025-11
swift-iec,swift-iec-61966,2025-12-10 01:21:23 +0100,2026-03-25 10:03:44 +0100,18,2025-12
swift-ecma,swift-ecma-48,2026-01-11 21:38:58 +0100,2026-03-25 10:03:45 +0100,7,2026-01
swift-incits,swift-incits-4-1986,2025-11-21 00:26:34 +0100,2026-04-08 12:25:44 +0200,64,2025-11
swift-arm-ltd,swift-arm-standard,2026-01-11 21:52:56 +0100,2026-04-10 14:37:01 +0200,16,2026-01
swift-intel,swift-x86-standard,2026-01-11 21:52:57 +0100,2026-04-10 14:37:01 +0200,17,2026-01
swift-riscv,swift-riscv-standard,2026-01-21 19:39:43 +0100,2026-04-10 14:37:01 +0200,13,2026-01
swift-microsoft,swift-windows-standard,2026-01-09 17:29:10 +0100,2026-04-14 19:08:01 +0200,48,2026-01
swift-linux-foundation,swift-linux-standard,2026-01-09 17:29:05 +0100,2026-04-14 19:07:45 +0200,119,2026-01
swift-server,swift-service-lifecycle,2019-11-09 23:30:10 -0800,2026-03-18 15:33:36 +0100,157,2019-11
coenttb,__swift-structured-queries-postgres,2025-08-15 13:48:04 +0200,2025-11-04 08:57:41 +0100,8,2025-08
coenttb,boiler,2025-08-01 14:09:40 +0200,2025-11-05 13:51:05 +0100,145,2025-08
coenttb,coenttb-blog,2024-12-21 13:31:38 +0100,2025-11-04 08:57:38 +0100,54,2024-12
coenttb,coenttb-com-blog-drafts,2025-07-20 22:09:06 +0200,2025-11-01 13:26:36 +0100,13,2025-07
coenttb,coenttb-com-server,2024-12-16 10:20:04 +0100,2025-11-04 08:57:39 +0100,153,2024-12
coenttb,coenttb-com-shared,2025-02-21 09:26:22 +0100,2025-11-04 08:57:39 +0100,42,2025-02
coenttb,coenttb-google-analytics,2024-12-21 13:27:53 +0100,2025-10-31 11:34:21 +0100,7,2024-12
coenttb,coenttb-hotjar,2024-12-21 13:26:32 +0100,2025-10-31 11:34:25 +0100,7,2024-12
coenttb,coenttb-kamer-van-koophandel,2020-03-11 11:37:15 +0100,2025-11-01 13:26:37 +0100,50,2020-03
coenttb,coenttb-newsletter,2024-12-21 13:17:13 +0100,2025-11-04 08:57:40 +0100,53,2024-12
coenttb,coenttb-postgres,2024-12-21 13:15:34 +0100,2025-10-31 11:34:34 +0100,5,2024-12
coenttb,coenttb-server-vapor,2024-12-31 15:49:24 +0100,2025-10-31 14:03:12 +0100,59,2024-12
coenttb,coenttb-server,2024-12-30 17:46:24 +0100,2025-11-04 08:57:38 +0100,68,2024-12
coenttb,coenttb-syndication,2024-12-21 13:08:05 +0100,2025-11-04 08:57:41 +0100,13,2024-12
coenttb,coenttb-ui,2024-11-02 20:07:47 +0100,2025-11-01 11:48:15 +0100,47,2024-11
coenttb,coenttb-web,2024-12-21 13:02:59 +0100,2025-11-04 08:57:41 +0100,144,2024-12
coenttb,coenttb,2024-12-19 09:25:38 +0100,2025-11-16 12:45:02 +0100,13,2024-12
coenttb,identity-coenttb-com-server,2025-02-21 16:05:58 +0100,2025-02-26 13:26:52 +0100,3,2025-02
coenttb,pointfree-url-form-coding,2017-07-06 09:09:56 -0400,2025-11-12 18:26:37 +0100,270,2017-07
coenttb,repotraffic-com-server,2025-08-23 07:18:32 +0200,2025-11-01 11:45:24 +0100,401,2025-08
coenttb,swift-async-algorithms-fork,2022-01-10 14:02:09 -0800,2026-03-22 22:18:01 +0100,255,2022-01
coenttb,swift-async,2026-01-06 19:34:25 +0100,2026-01-08 21:53:24 +0100,23,2026-01
coenttb,swift-authenticating,2025-08-06 11:49:11 +0200,2025-12-31 11:13:54 +0100,27,2025-08
coenttb,swift-bounded-cache,2025-07-30 09:34:51 +0200,2025-12-31 11:13:54 +0100,19,2025-07
coenttb,swift-buffer,2025-12-30 20:20:50 +0100,2026-01-08 06:14:52 +0100,15,2025-12
coenttb,swift-builders,2025-07-29 16:02:46 +0200,2025-12-31 11:13:54 +0100,25,2025-07
coenttb,swift-copy-on-write,2025-12-18 22:07:41 +0100,2025-12-20 12:45:47 +0100,11,2025-12
coenttb,swift-css-html-rendering,2025-12-16 13:59:14 +0100,2026-02-10 12:26:04 +0100,11,2025-12
coenttb,swift-css-types,2025-04-10 11:17:19 +0200,2025-12-31 11:13:54 +0100,85,2025-04
coenttb,swift-css,2025-11-27 23:02:06 +0100,2025-12-23 14:39:42 +0100,32,2025-11
coenttb,swift-darwin,2026-01-07 18:05:30 +0100,2026-01-08 18:40:32 +0100,11,2026-01
coenttb,swift-date-parsing,2025-07-26 17:28:37 +0200,2025-12-31 11:14:09 +0100,20,2025-07
coenttb,swift-dns,2025-12-29 23:23:43 +0100,2025-12-29 23:52:57 +0100,2,2025-12
coenttb,swift-document-templates,2024-08-01 10:16:15 +0200,2026-02-10 19:10:13 +0100,87,2024-08
coenttb,swift-documents,2025-12-17 12:37:14 +0100,2025-12-31 11:14:08 +0100,2,2025-12
coenttb,swift-email,2025-11-12 17:52:23 +0100,2025-12-31 11:14:09 +0100,17,2025-11
coenttb,swift-embedded-typed-throws-crash,2026-01-06 14:46:05 +0100,2026-01-06 14:46:05 +0100,1,2026-01
coenttb,swift-environment-variables,2024-12-20 10:24:17 +0100,2025-12-31 11:13:54 +0100,32,2024-12
coenttb,swift-epub-rendering,2025-12-17 12:37:26 +0100,2025-12-17 12:37:26 +0100,1,2025-12
coenttb,swift-epub,2025-12-17 12:37:18 +0100,2025-12-17 12:37:18 +0100,1,2025-12
coenttb,swift-favicon,2025-09-26 23:22:05 +0200,2025-12-31 11:13:54 +0100,24,2025-09
coenttb,swift-file-events,2025-12-29 23:23:43 +0100,2025-12-29 23:52:57 +0100,2,2025-12
coenttb,swift-file-system,2025-12-17 23:42:35 +0100,2025-12-29 21:48:16 +0100,200,2025-12
coenttb,swift-folder,2024-07-03 11:37:33 +0200,2025-12-31 11:13:54 +0100,30,2024-07
coenttb,swift-form-coding,2025-07-26 11:28:26 +0200,2025-12-31 11:14:09 +0100,75,2025-07
coenttb,swift-formatting,2025-11-18 10:40:00 +0100,2025-11-19 10:22:33 +0100,3,2025-11
coenttb,swift-foundation-extensions,2024-08-04 10:12:56 +0200,2025-12-31 11:13:54 +0100,24,2024-08
coenttb,swift-github-live,2025-09-01 17:01:21 +0200,2025-12-31 11:13:54 +0100,32,2025-09
coenttb,swift-github-types,2025-09-01 17:01:12 +0200,2025-12-31 11:13:54 +0100,31,2025-09
coenttb,swift-github,2025-09-01 17:01:38 +0200,2025-12-31 11:13:54 +0100,17,2025-09
coenttb,swift-html-chart,2025-08-30 20:26:29 +0200,2025-12-31 11:13:54 +0100,22,2025-08
coenttb,swift-html-css-pointfree,2025-04-04 17:26:31 +0200,2025-12-31 11:13:54 +0100,128,2025-04
coenttb,swift-html-fontawesome,2025-08-28 15:46:24 +0200,2025-12-31 11:13:55 +0100,25,2025-08
coenttb,swift-html-prism,2025-09-01 16:45:51 +0200,2025-12-31 11:13:55 +0100,22,2025-09
coenttb,swift-html-rendering,2025-12-01 16:19:28 +0100,2026-02-10 13:45:38 +0100,44,2025-12
coenttb,swift-html-to-pdf,2024-07-16 10:06:56 +0200,2026-03-31 16:54:07 +0200,183,2024-07
coenttb,swift-html-types,2025-04-12 16:27:12 +0200,2025-12-31 11:13:55 +0100,105,2025-04
coenttb,swift-html,2024-12-19 13:32:58 +0100,2026-02-10 13:49:10 +0100,127,2024-12
coenttb,swift-http-routing,2025-11-16 20:37:29 +0100,2025-12-31 11:14:18 +0100,2,2025-11
coenttb,swift-http,2025-12-29 23:23:43 +0100,2025-12-29 23:52:57 +0100,2,2025-12
coenttb,swift-identities-github,2025-09-11 09:14:19 +0200,2025-12-31 11:13:55 +0100,19,2025-09
coenttb,swift-identities-mailgun,2025-09-01 11:45:49 +0200,2025-12-31 11:13:55 +0100,22,2025-09
coenttb,swift-identities-types,2025-01-28 22:44:13 +0100,2025-12-31 11:13:55 +0100,140,2025-01
coenttb,swift-identities,2025-09-01 11:44:16 +0200,2025-12-31 11:13:55 +0100,98,2025-09
coenttb,swift-image-magick,2024-12-17 17:42:22 +0100,2025-12-31 11:14:18 +0100,9,2024-12
coenttb,swift-io,2025-12-24 11:15:56 +0100,2026-01-09 08:50:00 +0100,257,2025-12
coenttb,swift-issue-borrowing-actor-closure,2026-01-11 09:22:44 +0100,2026-01-11 09:29:34 +0100,3,2026-01
coenttb,swift-issue-copypropagation-nonescapable-mark-dependence,2026-03-22 19:20:07 +0100,2026-03-22 19:21:06 +0100,2,2026-03
coenttb,swift-issue-emit-module-noncopyable-sequence,2026-01-20 19:09:56 +0100,2026-01-20 19:11:04 +0100,2,2026-01
coenttb,swift-issue-inlinearray-deinit-value-generic,2026-01-20 13:15:40 +0100,2026-01-20 13:15:40 +0100,1,2026-01
coenttb,swift-issue-irgen-async-typed-throws-noncopyable,2026-01-07 13:49:03 +0100,2026-01-07 13:54:35 +0100,4,2026-01
coenttb,swift-issue-irgen-typed-throws-nested-error-generic,2026-02-06 14:25:46 +0100,2026-02-06 14:33:52 +0100,2,2026-02
coenttb,swift-issue-nested-generic-subscript-performance,2026-01-20 18:48:21 +0100,2026-01-20 18:48:21 +0100,1,2026-01
coenttb,swift-issue-noncopyable-sequence-conformance,2026-03-11 15:00:04 +0100,2026-03-11 15:08:41 +0100,2,2026-03
coenttb,swift-issue-property-view-tag-constraint-cross-module,2026-01-22 17:36:49 +0100,2026-01-22 18:07:41 +0100,3,2026-01
coenttb,swift-issue-rawlayout-deinit-cross-package,2026-02-05 18:34:39 +0100,2026-03-20 12:25:32 +0100,4,2026-02
coenttb,swift-issue-sil-verifier-read-escapable-lifetime,2026-02-06 14:25:44 +0100,2026-02-06 14:33:47 +0100,2,2026-02
coenttb,swift-issue-silgen-pack-expansion-cross-module,2026-01-07 14:29:38 +0100,2026-01-07 14:29:38 +0100,1,2026-01
coenttb,swift-issue-silgen-property-wrapper-noncopyable,2026-01-28 13:43:49 +0100,2026-01-28 13:45:04 +0100,2,2026-01
coenttb,swift-issue-testing-suite-discovery-generic-specialization,2026-01-28 22:57:39 +0100,2026-01-28 22:58:52 +0100,2,2026-01
coenttb,swift-issue-testing-xcode-nested-suite-filter,2026-03-03 15:07:32 +0100,2026-03-03 15:08:10 +0100,2,2026-03
coenttb,swift-issue-typed-throws-autoclosure-inference,2026-01-16 09:37:54 +0100,2026-01-16 09:40:35 +0100,2,2026-01
coenttb,swift-issue-windows-existential-crash-other-package,2025-12-24 10:23:42 +0100,2025-12-24 10:38:23 +0100,2,2025-12
coenttb,swift-issue-windows-existential-crash,2025-12-24 08:57:00 +0100,2025-12-29 16:21:58 +0100,17,2025-12
coenttb,swift-jwt,2025-07-28 09:57:23 +0200,2025-12-31 11:14:18 +0100,20,2025-07
coenttb,swift-kamer-van-koophandel,2025-01-13 15:50:17 +0100,2025-12-31 11:13:55 +0100,22,2025-01
coenttb,swift-kernel-primitives,2026-01-07 17:04:47 +0100,2026-02-23 17:01:39 +0100,19,2026-01
coenttb,swift-kernel,2025-12-30 16:49:20 +0100,2026-04-02 21:26:52 +0200,221,2025-12
coenttb,swift-linux,2026-01-07 18:11:31 +0100,2026-01-08 18:39:56 +0100,29,2026-01
coenttb,swift-logging-extras,2025-08-05 06:18:42 +0200,2025-12-31 11:13:55 +0100,25,2025-08
coenttb,swift-logic-operators,2024-07-19 16:52:59 +0200,2025-12-31 11:14:27 +0100,98,2024-07
coenttb,swift-mailgun-live,2024-12-28 12:59:07 +0100,2025-12-31 11:14:28 +0100,153,2024-12
coenttb,swift-mailgun-types,2025-08-06 12:28:53 +0200,2025-12-31 11:13:55 +0100,95,2025-08
coenttb,swift-mailgun,2024-12-28 12:59:07 +0100,2025-12-31 11:13:55 +0100,140,2024-12
coenttb,swift-markdown-html-rendering,2025-11-27 12:20:15 +0100,2026-02-10 12:26:05 +0100,19,2025-11
coenttb,swift-memory-allocation,2025-11-18 12:33:23 +0100,2025-12-31 11:13:55 +0100,6,2025-11
coenttb,swift-memory,2025-12-30 22:44:37 +0100,2026-01-05 17:45:29 +0100,44,2025-12
coenttb,swift-money,2020-06-28 16:18:31 +0200,2025-12-31 11:13:55 +0100,45,2020-06
coenttb,swift-multipart-form-coding,2025-11-13 14:20:20 +0100,2025-12-31 11:14:28 +0100,23,2025-11
coenttb,swift-nested-copyable-extension-bug,2026-01-05 12:05:32 +0100,2026-01-05 12:06:07 +0100,2,2026-01
coenttb,swift-networking,2025-12-29 23:23:43 +0100,2025-12-29 23:52:57 +0100,2,2025-12
coenttb,swift-one-time-password,2025-08-20 20:55:17 +0200,2025-12-31 11:13:55 +0100,25,2025-08
coenttb,swift-parsing,2020-12-21 01:58:36 -0500,2025-12-31 11:14:36 +0100,218,2020-12
coenttb,swift-password-validation,2025-07-24 12:39:39 +0200,2025-12-31 11:13:55 +0100,28,2025-07
coenttb,swift-pdf-html-rendering,2025-12-02 12:37:07 +0100,2026-03-12 14:37:44 +0100,120,2025-12
coenttb,swift-pdf-rendering,2025-12-02 11:28:44 +0100,2025-12-31 13:17:15 +0100,81,2025-12
coenttb,swift-pdf,2025-12-02 12:22:31 +0100,2025-12-23 15:38:19 +0100,19,2025-12
coenttb,swift-percent,2022-10-14 05:47:23 +0000,2025-12-31 11:13:55 +0100,29,2022-10
coenttb,swift-pipes,2025-12-29 23:23:43 +0100,2025-12-29 23:52:57 +0100,2,2025-12
coenttb,swift-pools,2026-01-07 17:38:17 +0100,2026-01-09 11:21:13 +0100,19,2026-01
coenttb,swift-posix,2026-01-07 17:40:15 +0100,2026-01-08 18:27:40 +0100,23,2026-01
coenttb,swift-pty,2025-12-29 23:23:43 +0100,2025-12-29 23:52:57 +0100,2,2025-12
coenttb,swift-records,2025-08-25 11:22:28 +0200,2025-12-31 11:13:55 +0100,78,2025-08
coenttb,swift-renderable,2018-09-10 21:10:38 -0400,2025-12-31 11:13:55 +0100,191,2018-09
coenttb,swift-resource-pool,2025-10-07 15:18:01 +0200,2025-12-31 11:13:55 +0100,39,2025-10
coenttb,swift-server-foundation-vapor,2025-08-01 13:56:53 +0200,2025-12-31 11:13:56 +0100,39,2025-08
coenttb,swift-server-foundation,2025-08-01 13:49:30 +0200,2025-12-31 11:13:56 +0100,31,2025-08
coenttb,swift-sitemap,2025-07-26 15:38:06 +0200,2025-12-31 11:13:56 +0100,20,2025-07
coenttb,swift-sockets,2025-12-29 23:23:43 +0100,2025-12-29 23:52:57 +0100,2,2025-12
coenttb,swift-splat,2025-11-07 11:50:00 +0100,2026-03-03 10:16:40 +0100,11,2025-11
coenttb,swift-stripe-live,2025-09-01 17:25:00 +0200,2025-12-31 11:13:56 +0100,27,2025-09
coenttb,swift-stripe-types,2025-09-01 17:30:21 +0200,2025-12-31 11:13:56 +0100,39,2025-09
coenttb,swift-stripe,2025-09-01 17:25:14 +0200,2025-12-31 11:13:56 +0100,21,2025-09
coenttb,swift-structured-queries-postgres,2024-12-18 17:14:38 -0800,2025-12-31 11:14:36 +0100,216,2024-12
coenttb,swift-subscriptions,2025-11-14 09:52:05 +0100,2025-12-31 11:13:56 +0100,3,2025-11
coenttb,swift-svg-printer,2025-09-26 22:16:53 +0200,2025-12-31 11:13:56 +0100,21,2025-09
coenttb,swift-svg-rendering,2025-11-27 07:33:30 +0100,2026-02-10 12:26:03 +0100,25,2025-11
coenttb,swift-svg-types,2025-09-26 22:13:14 +0200,2025-12-31 11:13:56 +0100,21,2025-09
coenttb,swift-svg,2025-09-26 22:18:40 +0200,2025-12-31 11:13:56 +0100,33,2025-09
coenttb,swift-syndication,2025-11-11 11:19:45 +0100,2025-12-31 11:14:43 +0100,6,2025-11
coenttb,swift-testing-performance,2025-11-18 08:21:08 +0100,2025-12-31 11:13:56 +0100,14,2025-11
coenttb,swift-throttling,2025-07-30 09:58:49 +0200,2025-12-31 11:13:56 +0100,29,2025-07
coenttb,swift-tls,2025-12-29 23:23:43 +0100,2025-12-29 23:52:57 +0100,2,2025-12
coenttb,swift-transactional,2026-01-06 23:39:37 +0100,2026-01-07 01:18:52 +0100,4,2026-01
coenttb,swift-translating,2020-06-08 11:49:28 +0200,2025-12-31 11:13:56 +0100,140,2020-06
coenttb,swift-types-foundation,2025-08-04 13:22:40 +0200,2026-02-09 10:41:10 +0100,44,2025-08
coenttb,swift-uri-routing,2025-11-16 20:36:57 +0100,2025-12-31 11:14:55 +0100,3,2025-11
coenttb,swift-uri,2025-11-17 11:20:59 +0100,2025-12-31 11:14:44 +0100,2,2025-11
coenttb,swift-url-form-coding,2025-11-13 14:19:58 +0100,2026-02-09 10:53:01 +0100,13,2025-11
coenttb,swift-url-routing-translating,2025-07-26 09:23:46 +0200,2025-12-31 11:14:55 +0100,27,2025-07
coenttb,swift-url-routing,2022-05-01 11:39:22 -0700,2025-12-31 11:14:56 +0100,113,2022-05
coenttb,swift-urlrequest-handler,2025-08-05 06:19:05 +0200,2025-12-31 11:13:56 +0100,43,2025-08
coenttb,swift-web-foundation,2024-12-21 16:50:27 +0100,2025-12-31 11:15:00 +0100,27,2024-12
coenttb,swift-websocket,2025-12-29 23:23:43 +0100,2025-12-29 23:52:57 +0100,2,2025-12
coenttb,swift-windows,2026-01-07 18:23:49 +0100,2026-01-08 18:27:58 +0100,26,2026-01
